제목,출판사,출간일,대출 시작일,대출 반납 예정일
도덕적 혼란,글 마거릿 애트우드,11/27/2020,,
내 몸을 입으시겠어요?,글 조명,11/13/2020,2020-11-17,2020-11-31
우먼 디자인,글 리비 셀러스,11/10/2020,,
방금 기이한 새소리를 들었다,글 김지녀,10/30/2020,,
장벽의 문명사,글 데이비드 프라이 | 옮김 김지혜,10/30/2020,,
우리가 날씨다,글 조너선 사프란 포어 | 옮김 송은주,10/29/2020,,
떡갈나무와 개,글 레몽 크노 | 옮김 조재룡,10/25/2020,,
섬LES ILES,글 장 그르니에Jean Grenier | 옮김 김화영,10/23/2020,,
카뮈를 추억하며 Albert Camus,글 장 그르니에Jean Grenier | 옮김 이규현,10/23/2020,,
어느 개의 죽음Sur la mort d’n chien,"글 장 그르니에Jean Grenier, 윤진",10/23/2020,,
일상적인 삶 La vie quotidienne,글 장 그르니에Jean Grenier | 옮김 김용기 ,10/23/2020,,
저우언라이 평전,글 정종욱,10/23/2020,,
조선잡사,"글 강문종, 김동건, 장유승, 홍현성",10/23/2020,,
물 그림 엄마,글 한지혜,10/16/2020,,
